Workbook

Sheet Столы, Тумбы
E1: ИП Киркус Я.Н.
E2: 111123, г.Москва, шоссе Энтузиастов, д.31, стр. 38
E3: тел. +7 (495) 642-70-97
E4: e-mail: 911@riva.ru
E5: www.riva.ru
E7: Измененен: 01.01.2026
A9: Прайс-лист на оперативную мебель серии "STYLE"
A10: ОПИСАНИЕ СЕРИИ
A11: Исполнение: ЛДСП толщиной 22, 18 мм, производство "Kronospan".
A12: Все детали столов, топы/каркасы тумб, приставки, топы/каркасы стеллажей - ЛДСП 22 мм.
A13: Фасады тумб и шкафов - ЛДСП 18 мм.
A15: Цвет металла: Черный, Белый, Антрацит, Серый, Латте, Капучино.
A16: По покраске изделий из металла (от 10 шт) в любой цвет по RAL, обратитесь к вашему менеджеру.
A17: Цвета ЛДСП: Вяз Благородный, Акация Лорка, Белый, Дуб Наварра.
A18: Артикул | B18: Наименование | C18: Размеры Ш*Г*В, (мм) | D18: Изображение | E18: Цена, (руб.)
A19: Л.СП-1 | B19: Стол письменный | C19: 900*720*750 | E19: =Таблица!E4 -> 7056.87
A20: Л.СП-2 | B20: Стол письменный | C20: 1180*720*750 | E20: =Таблица!E5 -> 8187.12
A21: Л.СП-3 | B21: Стол письменный | C21: 1380*720*750 | E21: =Таблица!E6 -> 8804.99
A22: Л.СП-4 | B22: Стол письменный | C22: 1580*720*750 | E22: =Таблица!E7 -> 9644.8
A23: Л.СА-1 Л | B23: Стол криволинейный левый | C23: 1580*900*750 | E23: =Таблица!E8 -> 11360.04
A24: Л.СА-1 Пр | B24: Стол криволинейный правый | C24: 1580*900*750 | E24: =Таблица!E9 -> 11360.04
A25: Л.СА-2 Л | B25: Стол криволинейный левый | C25: 1380*900*750 | E25: =Таблица!E10 -> 10484.61
A26: Л.СА-2 Пр | B26: Стол криволинейный правый | C26: 1380*900*750 | E26: =Таблица!E11 -> 10484.61
A27: Л.СА-3 Л | B27: Стол криволинейный левый | C27: 1380*1200*750 | E27: =Таблица!E12 -> 13935.64
A28: Л.СА-3 Пр | B28: Стол криволинейный правый | C28: 1380*1200*750 | E28: =Таблица!E13 -> 13935.64
A29: Л.СА-4 Л | B29: Стол криволинейный левый | C29: 1580*1200*750 | E29: =Таблица!E14 -> 14700.1
A30: Л.СА-4 Пр | B30: Стол криволинейный правый | C30: 1580*1200*750 | E30: =Таблица!E15 -> 14700.1
A31: Л.ПРГ-2 | B31: Стол переговорный | C31: 1800*900*750 | E31: =Таблица!E16 -> 11264.14
A32: Л.СЖ-1 | B32: Стол журнальный круглый | C32: 600*600*450 | E32: =Таблица!E147 -> 11210.71
A33: Л.СЖ-2 | B33: Стол журнальный квадратный | C33: 600*600*450 | E33: =Таблица!E148 -> 11949.14
A34: Л.СПРГ-1 | B34: Стол круглый | C34: 900*900*750 | E34: =Таблица!E149 -> 17894.94
A35: Л.СПРГ-2 | B35: Стол квадратный | C35: 900*900*750 | E35: =Таблица!E150 -> 19153.97
A36: Л.СПРГ-3 | B36: Стол овальный | C36: 1800*900*750 | E36: =Таблица!E151 -> 35543.28
A37: Л.СПРГ-4 | B37: Стол прямоугольный | C37: 1800*900*750 | E37: =Таблица!E152 -> 38022.98
A38: Л.ТМ-3F | B38: Тумба подкатная (3 ящика фолдинг, с замком) | C38: 420*450*563 | E38: =Таблица!E17 -> 8744.71
A39: Л.ТМ-4F | B39: Тумба подкатная (4 ящика фолдинг, с замком) | C39: 420*450*714 | E39: =Таблица!E18 -> 10277.74
A40: Л.ТП-4F | B40: Тумба приставная (3 ящика фолдинг, с замком) | C40: 420*450*750 | E40: =Таблица!E19 -> 12328.63
A41: Л.ТП-4.1F | B41: Тумба приставная (3 ящика фолдинг, с замком) | C41: 420*600*750 | E41: =Таблица!E20 -> 13531.49
A42: Л.ТП-4.2F | B42: Тумба приставная (3 ящика фолдинг, с замком) | C42: 420*720*750 | E42: =Таблица!E21 -> 13602.73
A43: Л.ТМ-1 | B43: Тумба под оргтехнику сервисная | C43: 770*600*685 | E43: =Таблица!E22 -> 10246.23

Sheet Шкафы
A1: Прайс-лист на оперативную мебель серии "STYLE"
D2: ='Столы, Тумбы'!E7 -> Измененен: 01.01.2026
A3: Артикул | B3: Наименование | C3: Размеры Ш*Г*В (мм) | D3: Изображение | E3: Цена (руб.)
A4: Л.СТ-1 | B4: Стеллаж высокий широкий | C4: 778*410*1980 | E4: =Таблица!E23 -> 11232.63
A5: Л.СТ-2 | B5: Стеллаж средний широкий | C5: 778*410*1215 | E5: =Таблица!E24 -> 8222.74
A6: Л.СТ-3 | B6: Стеллаж низкий широкий | C6: 778*410*828 | E6: =Таблица!E25 -> 6206.1
A7: Л.СУ-1 | B7: Стеллаж высокий узкий | C7: 412*410*1980 | E7: =Таблица!E26 -> 9147.49
A8: Л.СУ-2 | B8: Стеллаж средний узкий | C8: 412*410*1215 | E8: =Таблица!E27 -> 6081.43
A9: Л.СУ-3 | B9: Стеллаж низкий узкий | C9: 412*410*828 | E9: =Таблица!E28 -> 4427.84
A10: Л.ГБ-1 | B10: Гардероб узкий (выдвижная вешалка, левое открывание) | C10: 558*410*1980 | E10: =Таблица!E29 -> 12291.64
A11: Л.ГБ-2 | B11: Гардероб глубокий (вешалка-штанга) | C11: 778*580*1980 | E11: =Таблица!E30 -> 18642.96
A12: Л.ГБ-4 | B12: Гардероб комбинированный (выдвижная вешалка) | C12: 778*410*1980 | E12: =Таблица!E31 -> 21559.69
A13: Л.СТ-1.1 | B13: Шкаф высокий широкий (2 низкие двери ЛДСП) | C13: 778*410*1980 | E13: =Таблица!E32 -> 14676.81
A14: Л.СТ-1.2 | B14: Шкаф высокий широкий (2 низкие двери ЛДСП, 2 средние двери стекло) | C14: 778*410*1980 | E14: =Таблица!E33 -> 21211.71
A15: Л.СТ-1.3 | B15: Шкаф высокий широкий (2 низкие двери ЛДСП, 2 средние двери ЛДСП) | C15: 778*410*1980 | E15: =Таблица!E34 -> 18838.87
... A26: Л.СУ-1.1 Л/Пр | B26: Шкаф высокий узкий левый/правый (1 низкая дверь ЛДСП) | C26: 412*410*1980 | E26: =Таблица!E45 -> 10869.58
A27: Л.СУ-1.2 Л/Пр | B27: Шкаф высокий узкий левый/правый (1 низкая дверь ЛДСП, 1 средняя дверь стекло) | C27: 412*410*1980 | E27: =Таблица!E47 -> 14137.03
A28: Л.СУ-1.3 Л/Пр | B28: Шкаф высокий узкий левый/правый (1 низкая дверь ЛДСП, 1 средняя дверь ЛДСП) | C28: 412*410*1980 | E28: =Таблица!E49 -> 12950.61
A29: Л.СУ-1.4 Л/Пр | B29: Шкаф высокий узкий левый/правый (1 низкая дверь ЛДСП, 1 низкая дверь стекло) | C29: 412*410*1980 | E29: =Таблица!E51 -> 13684.93
A30: Л.СУ-1.5 Л/Пр | B30: Шкаф высокий узкий левый/правый (2 низкие двери ЛДСП) | C30: 412*410*1980 | E30: =Таблица!E53 -> 12591.67
A31: Л.СУ-1.6Л/Пр | B31: Шкаф высокий узкий левый/правый (1 средняя дверь ЛДСП) | C31: 412*410*1980 | E31: =Таблица!E55 -> 11228.52
A32: Л.СУ-1.7 Л/Пр | B32: Шкаф высокий узкий левый/правый (1 средняя дверь ЛДСП, 1 низкая дверь стекло) | C32: 412*410*1980 | E32: =Таблица!E57 -> 14043.87
A33: Л.СУ-1.8 Л/Пр | B33: Шкаф высокий узкий левый/правый (1 средняя дверь ЛДСП, 1 низкая дверь ЛДСП) | C33: 412*410*1980 | E33: =Таблица!E59 -> 12950.61
A34: Л.СУ-1.9 Л/Пр | B34: Шкаф высокий узкий левый/правый (1 высокая дверь ЛДСП) | C34: 412*410*1980 | E34: =Таблица!E61 -> 12213.55
A35: Л.СТ-2.1 | B35: Шкаф средний широкий (2 низкие двери ЛДСП) | C35: 778*410*1215 | E35: =Таблица!E63 -> 11666.92
A36: Л.СТ-2.2 | B36: Шкаф средний широкий (2 низкие двери стекло) | C36: 778*410*1215 | E36: =Таблица!E64 -> 13853.44
A37: Л.СТ-2.3 | B37: Шкаф средний широкий (2 средние двери ЛДСП) | C37: 778*410*1215 | E37: =Таблица!E65 -> 12384.8
A38: Л.СТ-2.4 | B38: Шкаф средний широкий (2 средние двери стекло) | C38: 778*410*1215 | E38: =Таблица!E66 -> 14757.64
A39: Л.СУ-2.1 Л/Пр | B39: Шкаф средний узкий левый/правый (1 низкая дверь ЛДСП) | C39: 412*410*1215 | E39: =Таблица!E67 -> 7803.52
A40: Л.СУ-2.2 Л/Пр | B40: Шкаф средний узкий левый/правый (1 низкая дверь стекло) | C40: 412*410*1215 | E40: =Таблица!E69 -> 8896.78
A41: Л.СУ-2.3 Л/Пр | B41: Шкаф средний узкий левый/правый (1 средняя дверь ЛДСП) | C41: 412*410*1215 | E41: =Таблица!E71 -> 8162.46
A42: Л.СУ-2.4 Л/Пр | B42: Шкаф средний узкий левый/правый (1 средняя дверь стекло) | C42: 412*410*1215 | E42: =Таблица!E73 -> 9348.88
A43: Л.СТ-3.1 | B43: Шкаф низкий широкий (2 низкие двери ЛДСП) | C43: 778*410*828 | E43: =Таблица!E75 -> 9650.28
A44: Л.СТ-3.2 | B44: Шкаф низкий широкий (2 низкие двери стекло) | C44: 778*410*828 | E44: =Таблица!E76 -> 11836.8
A45: Л.СУ-3.1 Л/Пр | B45: Шкаф низкий узкий левый/правый (1 низкая дверь ЛДСП) | C45: 412*410*828 | E45: =Таблица!E77 -> 6149.93
A46: Л.СУ-3.2 Л/Пр | B46: Шкаф низкий узкий левый/правый (1 низкая дверь стекло) | C46: 412*410*828 | E46: =Таблица!E79 -> 7243.19

Sheet Аксессуары
A1: Прайс-лист на оперативную мебель серии "STYLE"
D2: ='Столы, Тумбы'!E7 -> Измененен: 01.01.2026
A3: Артикул | B3: Наименование | C3: Размеры Ш*Г*В, (мм) | D3: Изображение | E3: Цена, (руб.)
A4: Л.ПР-2 | B4: Приставка | C4: 720*402*22 | E4: =Таблица!E81 -> 2663.28
A5: Л.ПР-2.1 | B5: Приставка | C5: 600*400*22 | E5: =Таблица!E82 -> 2292.01
A6: Л.ПР-3 | B6: Приставка | C6: 720*720*22 | E6: =Таблица!E83 -> 2797.54
A7: Л.ПР-4 | B7: Приставка | C7: 600*600*22 | E7: =Таблица!E84 -> 2193.37
A8: Л.ПР-5 | B8: Приставка | C8: 600*720*22 | E8: =Таблица!E85 -> 2629.03
A9: Л.ПР-6 | B9: Приставка | C9: 1200*600*22 | E9: =Таблица!E86 -> 3868.88
A10: Л.ПР-7 | B10: Приставка | C10: 1440*720*22 | E10: =Таблица!E87 -> 5637.55
A11: Л.ПР-8 | B11: Приставка | C11: 1225*610*22 | E11: =Таблица!E88 -> 3953.82
A12: Л.ПР-9 | B12: Приставка | C12: 1465*730*22 | E12: =Таблица!E89 -> 5777.29
A13: Л.ПР-10 | B13: Приставка | C13: 900*452*22 | E13: =Таблица!E90 -> 3845.59
A14: А.ВТ-710 | B14: Опора металлическая (хром) | C14: 60*60*710 | E14: =Таблица!E91 -> 1560.43
A15: Л.ПНС-1 | B15: Полка навесная | C15: 1000*336*540 | E15: =Таблица!E92 -> 4842.95
... A17: Л.НС-3 | B17: Надставка на стол | C17: 1440*300*420 | E17: =Таблица!E94 -> 3929.16
A18: KKV | B18: Кабель-канал вертикальный (цвет - серебристый металлик) | C18: L = 780 мм | E18: =Таблица!E182 -> 2096.1
A19: Л.СБ-1 | B19: Подставка под системный блок | C19: 284*450*342 | E19: =Таблица!E105 -> 2692.05
A20: PM-LBFI60-05 | B20: Заглушка кабель-канала "Люкс" | C20: D-60 | E20: =Таблица!E106 -> 468.54
A21: Я3-2R/4С | B21: Ящик для стекол (4 низкие двери стекло) | E21: =Таблица!E107 -> 391.82
A22: Я3-6R/10С | B22: Ящик для стекол (10 низких дверей стекло) | E22: =Таблица!E108 -> 476.76
A23: Я2-2R/4С | B23: Ящик для стекол (4 средние двери стекло) | E23: =Таблица!E109 -> 543.89
A24: Я2-6R/10С | B24: Ящик для стекол (10 средних дверей стекло) | E24: =Таблица!E110 -> 630.2

Sheet Ресепшн
A1: Стойка-ресепшн "STYLE"
D2: ='Столы, Тумбы'!E7 -> Измененен: 01.01.2026
A3: Исполнение: ЛДСП толщиной 18, 22, 36 мм, производство - "Kronospan".
A4: Гостевая столешница - ЛДСП толщиной 36 мм.
A5: Рабочая столешница и боковины - ЛДСП толщиной 22 мм.
A6: Остальные детали изделий - ЛДСП толщиной 18 мм.
A7: Цвета: Вяз Благородный/Белый; Акация Лорка/Белый; Дуб Наварра/Белый.
A8: Артикул | B8: Наименование | C8: Размеры Ш*Г*В, (мм) | D8: Изображение | E8: Цена, (руб.)
A9: Л.МП-1 | B9: Модуль прямой | C9: 800*736*1156 | E9: =Таблица!E125 -> 11013.43
A10: Л.МП-2 | B10: Модуль прямой | C10: 1000*736*1156 | E10: =Таблица!E126 -> 12698.53
A11: Л.МП-3 | B11: Модуль прямой | C11: 1200*736*1156 | E11: =Таблица!E127 -> 14538.44
A12: Л.МП-4 | B12: Модуль прямой | C12: 1400*736*1156 | E12: =Таблица!E128 -> 16182.44
A13: Л.МП-5 | B13: Модуль прямой | C13: 1600*736*1156 | E13: =Таблица!E129 -> 18367.59
A14: Л.УМ-1 Л | B14: Угловой модуль левый | C14: 736*736*1156 | E14: =Таблица!E130 -> 18538.84
A15: Л.УМ-1 Пр | B15: Угловой модуль правый | C15: 736*736*1156 | E15: =Таблица!E131 -> 18538.84
A16: Л.Б Л | B16: Боковина левая | C16: 741*22*1159 | E16: =Таблица!E132 -> 4182.61
A17: Л.Б Пр | B17: Боковина правая | C17: 741*22*1159 | E17: =Таблица!E133 -> 4182.61
A18: Л.БУ Л | B18: Боковина узкая левая | C18: 305*22*1159 | E18: =Таблица!E134 -> 1960.47
A19: Л.БУ Пр | B19: Боковина узкая правая | C19: 305*22*1159 | E19: =Таблица!E135 -> 1960.47
A20: Л.Н-1 | B20: Накладка для Л.МП-1 | C20: 360*321*536 | E20: =Таблица!E136 -> 2676.98
... A30: ОБ-76 | B30: Опора металлическая (цвет - Черный, Белый, Антрацит, Серый, Латте, Капучино) | C30: D = 76 мм; H = 728 мм | E30: =Таблица!E146 -> 3634.61

Sheet Ресепшен наборы
A1: Стойка-ресепшн "STYLE"
D2: ='Столы, Тумбы'!E7 -> Измененен: 01.01.2026
A3: Исполнение: ЛДСП толщиной 18, 22, 36 мм, производство - "Kronospan".
A4: Гостевая столешница - ЛДСП толщиной 36 мм.
A5: Рабочая столешница и боковины - ЛДСП толщиной 22 мм.
A6: Остальные детали изделий - ЛДСП толщиной 18 мм.
A7: Цвета: Вяз Благородный/Белый; Акация Лорка/Белый; Дуб Наварра/Белый.
A8: Артикул | B8: Наименование | C8: Размеры Ш*Г*В, (мм) | D8: Изображение | E8: Цена, (руб.)
A9: Л.РН-1 | B9: Набор вариант №1 | C9: 1044*736*1156 | E9: =Таблица!E184 -> 27162.99
A10: Л.РН-2 | B10: Набор вариант №2 | C10: 2472*736*1156 | E10: =Таблица!E185 -> 92265.39
A11: Л.РН-3 | B11: Набор вариант №3 | C11: 2044*1758*1156 | E11: =Таблица!E186 -> 37396.89
A12: Л.РН-4 | B12: Набор вариант №4 | C12: 1758*1758*1156 | E12: =Таблица!E187 -> 55935.73
A13: Л.РН-5 | B13: Набор вариант №5 | C13: 2472*758*1156 | E13: =Таблица!E188 -> 60966.37

Sheet Сборные элементы
A1: Прайс-лист на оперативную мебель серии "STYLE"
D2: ='Столы, Тумбы'!E7 -> Измененен: 01.01.2026
A3: Артикул | B3: Наименование | C3: Размеры Ш*Г*В, (мм) | D3: Изображение | E3: Цена, (руб.)
A4: Л.ГБ-2К | B4: Каркас гардероба Л.ГБ-2 | C4: 778*580*1980 | E4: =Таблица!E111 -> 12510.84
A5: Л.ГБ-4К | B5: Каркас гардероба Л.ГБ-4К | C5: 778*410*1980 | E5: =Таблица!E112 -> 15427.57
A6: Л.Д-1 Л/Пр | B6: Дверь высокая ЛДСП левая/правая (для Л.ГБ-2, Л.СТ-1, Л.СУ-1 и Л.ГБ-4) | C6: 361*1916*18 | E6: =Таблица!E113 -> 3066.06
A7: Л.Д-2 Л/Пр | B7: Дверь средняя ЛДСП левая/правая (для Л.СТ-1, Л.СУ-1, Л.СТ-2, Л.СУ-2) | C7: 361*1151*18 | E7: =Таблица!E115 -> 2081.03
A8: Л.Д-3 Л/Пр | B8: Дверь низкая ЛДСП левая/правая (для Л.СТ-1, Л.СУ-1, Л.СТ-2, Л.СТ-3, Л.СУ-2, Л.СУ-3) | C8: 361*764*18 | E8: =Таблица!E117 -> 1722.09
A9: Л.С-2 | B9: Дверь средняя стекло (для Л.СТ-1, Л.СУ-1, Л.СТ-2, Л.СУ-2) | C9: 361*1151*4 | E9: =Таблица!E119 -> 2438.6
A10: Л.С-3 | B10: Дверь низкая стекло (для Л.СТ-1, Л.СТ-2, Л.СТ-3, Л.СУ-1, Л.СУ-2, Л.СУ-3) | C10: 361*764*4 | E10: =Таблица!E121 -> 1986.5
A11: Для Л.С-2 | B11: Комплект фурнитуры для одного стекла | E11: =Таблица!E123 -> 828.85
A12: Для Л.С-3 | B12: Комплект фурнитуры для одного стекла | E12: =Таблица!E124 -> 828.85

Sheet Таблица
G2: Коэффициент
A3: Артикул | B3: Наименование | C3: Размеры Ш*Г*В (мм) | D3: Цена (руб.) | E3: Цена с учетом коэффициента (руб.) | G3: 1.37 | I3: Артикул | J3: Наименование ЭЛЕМЕНТА №1 | K3: Размер | L3: Кол-во | M3: Цена | O3: Артикул | P3: Наименование ЭЛЕМЕНТА №2 | Q3: Размер | R3: Кол-во | S3: Цена | U3: Артикул | V3: Наименование ЭЛЕМЕНТА №3 | W3: Размер | X3: Кол-во | Y3: Цена | AA3: Артикул | AB3: Наименование ЭЛЕМЕНТА №4 | AC3: Размер | AD3: Кол-во | AE3: Цена | AG3: Артикул | AH3: Наименование ЭЛЕМЕНТА №5 | AI3: Размер | AJ3: Кол-во | AK3: Цена | AM3: Артикул | AN3: Наименование ЭЛЕМЕНТА №6 | AO3: Размер | AP3: Кол-во | AQ3: Цена
A4: Л.СП-1 | B4: Стол письменный | C4: 900*720*750 | D4: 5151 | E4: =D4*$G$3 -> 7056.87 | F4: УТ-00001533
A5: Л.СП-2 | B5: Стол письменный | C5: 1180*720*750 | D5: 5976 | E5: =D5*$G$3 -> 8187.12 | F5: УТ-00001534
A6: Л.СП-3 | B6: Стол письменный | C6: 1380*720*750 | D6: 6427 | E6: =D6*$G$3 -> 8804.99 | F6: УТ-00001531
A7: Л.СП-4 | B7: Стол письменный | C7: 1580*720*750 | D7: 7040 | E7: =D7*$G$3 -> 9644.8 | F7: УТ-00001535
A8: Л.СА-1 (L) | B8: Стол криволинейный левый | C8: 1580*900*750 | D8: 8292 | E8: =D8*$G$3 -> 11360.04 | F8: УТ-00001536
A9: Л.СА-1 (R) | B9: Стол криволинейный правый | C9: 1580*900*750 | D9: 8292 | E9: =D9*$G$3 -> 11360.04 | F9: УТ-00001537
A10: Л.СА-2 (L) | B10: Стол криволинейный левый | C10: 1380*900*750 | D10: 7653 | E10: =D10*$G$3 -> 10484.61 | F10: УТ-00001482
A11: Л.СА-2 (R) | B11: Стол криволинейный правый | C11: 1380*900*750 | D11: 7653 | E11: =D11*$G$3 -> 10484.61 | F11: УТ-00001521
A12: Л.СА-3 (L) | B12: Стол криволинейный левый | C12: 1380*1200*750 | D12: 10172 | E12: =D12*$G$3 -> 13935.64 | F12: УТ-00001538
A13: Л.СА-3 (R) | B13: Стол криволинейный правый | C13: 1380*1200*750 | D13: 10172 | E13: =D13*$G$3 -> 13935.64 | F13: УТ-00001539
A14: Л.СА-4 (L) | B14: Стол криволинейный левый | C14: 1580*1200*750 | D14: 10730 | E14: =D14*$G$3 -> 14700.1 | F14: УТ-00001540
A15: Л.СА-4 (R) | B15: Стол криволинейный правый | C15: 1580*1200*750 | D15: 10730 | E15: =D15*$G$3 -> 14700.1 | F15: УТ-00001541
A16: Л.ПРГ-2 | B16: Стол переговорный | C16: 1800*900*750 | D16: 8222 | E16: =D16*$G$3 -> 11264.14 | F16: УТ-00001542
A17: Л.ТМ-3F | B17: Тумба подкатная (3 ящика фолдинг, с замком) | C17: 420*450*563 | D17: 6383 | E17: =D17*$G$3 -> 8744.71 | F17: ЦБ-00032906 | I17: =A153 -> Л.ТМ-3F | J17: =B153 -> Тумба подкатная 3 ящ. без фолдинга | K17: =C153 -> 420*450*563 | L17: 1 | M17: =D153 -> 5463 | O17: =A154 -> Ф1248 | P17: =B154 -> Комплект Фолдинг Ф1248 (на 3 ящика) | Q17: =C154 -> 400*347*100 | R17: 1 | S17: =D154 -> 920
A18: Л.ТМ-4F | B18: Тумба подкатная (4 ящика фолдинг, с замком) | C18: 420*450*714 | D18: 7502 | E18: =D18*$G$3 -> 10277.74 | F18: ЦБ-00032909 | I18: =A155 -> Л.ТМ-4F | J18: =B155 -> Тумба подкатная 4 ящ. без фолдинга | K18: =C155 -> 420*450*714 | L18: 1 | M18: =D155 -> 6319 | O18: =A156 -> Ф1249 | P18: =B156 -> Комплект Фолдинг Ф1249 (на 4 ящика) | Q18: =C156 -> 400*347*100 | R18: 1 | S18: =D156 -> 1183
A19: Л.ТП-4F | B19: Тумба приставная (3 ящика фолдинг, с замком) | C19: 420*450*750 | D19: 8999 | E19: =D19*$G$3 -> 12328.63 | F19: ЦБ-00032912 | I19: =A157 -> Л.ТП-4F | J19: =B157 -> Тумба приставная без фолдинга | K19: =C157 -> 420*450*750 | L19: 1 | M19: =D157 -> 8079 | O19: =A154 -> Ф1248 | P19: =B154 -> Комплект Фолдинг Ф1248 (на 3 ящика) | Q19: =C154 -> 400*347*100 | R19: 1 | S19: =D154 -> 920
A20: Л.ТП-4.1F | B20: Тумба приставная (3 ящика фолдинг, с замком) | C20: 420*600*750 | D20: 9877 | E20: =D20*$G$3 -> 13531.49 | F20: ЦБ-00032914 | I20: =A158 -> Л.ТП-4.1F | J20: =B158 -> Тумба приставная без фолдинга | K20: =C158 -> 420*600*750 | L20: 1 | M20: =D158 -> 8957 | O20: =A154 -> Ф1248 | P20: =B154 -> Комплект Фолдинг Ф1248 (на 3 ящика) | Q20: =C154 -> 400*347*100 | R20: 1 | S20: =D154 -> 920
A21: Л.ТП-4.2F | B21: Тумба приставная (3 ящика фолдинг, с замком) | C21: 420*720*750 | D21: 9929 | E21: =D21*$G$3 -> 13602.73 | F21: ЦБ-00032916 | I21: =A159 -> Л.ТП-4.2F | J21: =B159 -> Тумба приставная без фолдинга | K21: =C159 -> 420*720*750 | L21: 1 | M21: =D159 -> 9009 | O21: =A154 -> Ф1248 | P21: =B154 -> Комплект Фолдинг Ф1248 (на 3 ящика) | Q21: =C154 -> 400*347*100 | R21: 1 | S21: =D154 -> 920
A22: Л.ТМ-1 | B22: Тумба под оргтехнику сервисная | C22: 770*600*685 | D22: 7479 | E22: =D22*$G$3 -> 10246.23 | F22: УТ-00001568
A23: Л.СТ-1 | B23: Стеллаж высокий широкий | C23: 778*410*1980 | D23: 8199 | E23: =D23*$G$3 -> 11232.63 | F23: ЦБ-00007032
A24: Л.СТ-2 | B24: Стеллаж средний широкий | C24: 778*410*1215 | D24: 6002 | E24: =D24*$G$3 -> 8222.74 | F24: УТ-00001563
A25: Л.СТ-3 | B25: Стеллаж низкий широкий | C25: 778*410*828 | D25: 4530 | E25: =D25*$G$3 -> 6206.1 | F25: УТ-00001566
A26: Л.СУ-1 | B26: Стеллаж высокий узкий | C26: 412*410*1980 | D26: 6677 | E26: =D26*$G$3 -> 9147.49 | F26: УТ-00001561
A27: Л.СУ-2 | B27: Стеллаж средний узкий | C27: 412*410*1215 | D27: 4439 | E27: =D27*$G$3 -> 6081.43 | F27: УТ-00001565
A28: Л.СУ-3 | B28: Стеллаж низкий узкий | C28: 412*410*828 | D28: 3232 | E28: =D28*$G$3 -> 4427.84 | F28: УТ-00001567
A29: Л.ГБ-1 | B29: Гардероб узкий (выдвижная вешалка) | C29: 558*410*1980 | D29: 8972 | E29: =D29*$G$3 -> 12291.64 | F29: ЦБ-00003116
A30: Л.ГБ-2 | B30: Гардероб глубокий(вешалка-штанга) | C30: 778*580*1980 | D30: 13608 | E30: =D30*$G$3 -> 18642.96 | F30: ЦБ-00013106 | I30: =A111 -> Л.ГБ-2К | J30: =B111 -> Каркас гардероба Л.ГБ-2 | K30: =C111 -> 778*580*1980 | L30: 1 | M30: =D111 -> 9132 | O30: =A113 -> Л.Д-1 (L) | P30: =B113 -> Дверь высокая ЛДСП левая/правая (для Л.ГБ-2, Л.СТ-1, Л.СУ-1 и Л.ГБ-4) | Q30: =C113 -> 361*1916x18 | R30: 1 | S30: =D113 -> 2238 | U30: =A114 -> Л.Д-1 (R) | V30: =B114 -> Дверь высокая ЛДСП левая/правая (для Л.ГБ-2, Л.СТ-1, Л.СУ-1 и Л.ГБ-4) | W30: =C114 -> 361*1916x18 | X30: 1 | Y30: =D114 -> 2238
A31: Л.ГБ-4 | B31: Гардероб комбинированный (выдвижная вешалка) | C31: 778*410*1980 | D31: 15737 | E31: =D31*$G$3 -> 21559.69 | F31: ЦБ-00013107 | I31: =A112 -> Л.ГБ-4К | J31: =B112 -> Каркас гардероба Л.ГБ-4К | K31: =C112 -> 778*410*1980 | L31: 1 | M31: =D112 -> 11261 | O31: =A113 -> Л.Д-1 (L) | P31: =B113 -> Дверь высокая ЛДСП левая/правая (для Л.ГБ-2, Л.СТ-1, Л.СУ-1 и Л.ГБ-4) | Q31: =C113 -> 361*1916x18 | R31: 1 | S31: =D113 -> 2238 | U31: =A114 -> Л.Д-1 (R) | V31: =B114 -> Дверь высокая ЛДСП левая/правая (для Л.ГБ-2, Л.СТ-1, Л.СУ-1 и Л.ГБ-4) | W31: =C114 -> 361*1916x18 | X31: 1 | Y31: =D114 -> 2238
A32: Л.СТ-1.1 | B32: Шкаф высокий широкий (2 низкие двери ЛДСП) | C32: 778*410*1980 | D32: 10713 | E32: =D32*$G$3 -> 14676.81 | F32: ЦБ-00013108 | I32: =A23 -> Л.СТ-1 | J32: =B23 -> Стеллаж высокий широкий | K32: =C23 -> 778*410*1980 | L32: 1 | M32: =D23 -> 8199 | O32: =A117 -> Л.Д-3 (L) | P32: =B117 -> Дверь низкая ЛДСП (для Л.СТ-1, Л.СУ-1, Л.СТ-2, Л.СТ-3, Л.СУ-2, Л.СУ-3) | Q32: =C117 -> 361*764x18 | R32: 1 | S32: =D117 -> 1257 | U32: =A118 -> Л.Д-3 (R) | V32: =B118 -> Дверь низкая ЛДСП (для Л.СТ-1, Л.СУ-1, Л.СТ-2, Л.СТ-3, Л.СУ-2, Л.СУ-3) | W32: =C118 -> 361*764x18 | X32: 1 | Y32: =D118 -> 1257
A33: Л.СТ-1.2 | B33: Шкаф высокий широкий (2 низкие двери ЛДСП, 2 средние двери стекло) | C33: 778*410*1980 | D33: 15483 | E33: =D33*$G$3 -> 21211.71 | F33: ЦБ-00013109 | I33: =A23 -> Л.СТ-1 | J33: =B23 -> Стеллаж высокий широкий | K33: =C23 -> 778*410*1980 | L33: 1 | M33: =D23 -> 8199 | O33: =A117 -> Л.Д-3 (L) | P33: =B117 -> Дверь низкая ЛДСП (для Л.СТ-1, Л.СУ-1, Л.СТ-2, Л.СТ-3, Л.СУ-2, Л.СУ-3) | Q33: =C117 -> 361*764x18 | R33: 1 | S33: =D117 -> 1257 | U33: =A118 -> Л.Д-3 (R) | V33: =B118 -> Дверь низкая ЛДСП (для Л.СТ-1, Л.СУ-1, Л.СТ-2, Л.СТ-3, Л.СУ-2, Л.СУ-3) | W33: =C118 -> 361*764x18 | X33: 1 | Y33: =D118 -> 1257 | AA33: =A119 -> Л.С-2 (L) | AB33: =B119 -> Дверь средняя стекло (для Л.СТ-1, Л.СУ-1, Л.СТ-2, Л.СУ-2) | AC33: =C119 -> 361*1151x4 | AD33: 1 | AE33: =D119 -> 1780 | AG33: =A120 -> Л.С-2 (R) | AH33: =B120 -> Дверь средняя стекло (для Л.СТ-1, Л.СУ-1, Л.СТ-2, Л.СУ-2) | AI33: =C120 -> 361*1151x4 | AJ33: 1 | AK33: =D120 -> 1780 | AM33: =A123 -> Для Л.С-2 | AN33: =B123 -> Комплект фурнитуры для одного стекла | AP33: 2 | AQ33: =D123 -> 605
A34: Л.СТ-1.3 | B34: Шкаф высокий широкий (2 низкие двери ЛДСП, 2 средние двери ЛДСП) | C34: 778*410*1980 | D34: 13751 | E34: =D34*$G$3 -> 18838.87 | F34: ЦБ-00013110 | I34: =A23 -> Л.СТ-1 | J34: =B23 -> Стеллаж высокий широкий | K34: =C23 -> 778*410*1980 | L34: 1 | M34: =D23 -> 8199 | O34: =A115 -> Л.Д-2 (L) | P34: =B115 -> Дверь средняя ЛДСП (для Л.СТ-1, Л.СУ-1, Л.СТ-2, Л.СУ-2) | Q34: =C115 -> 361*1151x18 | R34: 1 | S34: =D115 -> 1519 | U34: =A116 -> Л.Д-2 (R) | V34: =B116 -> Дверь средняя ЛДСП (для Л.СТ-1, Л.СУ-1, Л.СТ-2, Л.СУ-2) | W34: =C116 -> 361*1151x18 | X34: 1 | Y34: =D116 -> 1519 | AA34: =A117 -> Л.Д-3 (L) | AB34: =B117 -> Дверь низкая ЛДСП (для Л.СТ-1, Л.СУ-1, Л.СТ-2, Л.СТ-3, Л.СУ-2, Л.СУ-3) | AC34: =C117 -> 361*764x18 | AD34: 1 | AE34: =D117 -> 1257 | AG34: =A118 -> Л.Д-3 (R) | AH34: =B118 -> Дверь низкая ЛДСП (для Л.СТ-1, Л.СУ-1, Л.СТ-2, Л.СТ-3, Л.СУ-2, Л.СУ-3) | AI34: =C118 -> 361*764x18 | AJ34: 1 | AK34: =D118 -> 1257
A35: Л.СТ-1.4 | B35: Шкаф высокий широкий (2 низкие двери ЛДСП, 2 низкие двери стекло) | C35: 778*410*1980 | D35: 14823 | E35: =D35*$G$3 -> 20307.51 | F35: ЦБ-00013111 | I35: =A23 -> Л.СТ-1 | J35: =B23 -> Стеллаж высокий широкий | K35: =C23 -> 778*410*1980 | L35: 1 | M35: =D23 -> 8199 | O35: =A117 -> Л.Д-3 (L) | P35: =B117 -> Дверь низкая ЛДСП (для Л.СТ-1, Л.СУ-1, Л.СТ-2, Л.СТ-3, Л.СУ-2, Л.СУ-3) | Q35: =C117 -> 361*764x18 | R35: 1 | S35: =D117 -> 1257 | U35: =A118 -> Л.Д-3 (R) | V35: =B118 -> Дверь низкая ЛДСП (для Л.СТ-1, Л.СУ-1, Л.СТ-2, Л.СТ-3, Л.СУ-2, Л.СУ-3) | W35: =C118 -> 361*764x18 | X35: 1 | Y35: =D118 -> 1257 | AA35: =A121 -> Л.С-3 (L) | AB35: =B121 -> Дверь низкая стекло (для Л.СТ-1, Л.СТ-2, Л.СТ-3, Л.СУ-1, Л.СУ-2, Л.СУ-3) | AC35: =C121 -> 361*764x4 | AD35: 1 | AE35: =D121 -> 1450 | AG35: =A122 -> Л.С-3 (R) | AH35: =B122 -> Дверь низкая стекло (для Л.СТ-1, Л.СТ-2, Л.СТ-3, Л.СУ-1, Л.СУ-2, Л.СУ-3) | AI35: =C122 -> 361*764x4 | AJ35: 1 | AK35: =D122 -> 1450 | AM35: =A123 -> Для Л.С-2 | AN35: =B123 -> Комплект фурнитуры для одного стекла | AP35: 2 | AQ35: =D123 -> 605
A36: Л.СТ-1.5 | B36: Шкаф высокий широкий (4 низкие двери ЛДСП) | C36: 778*410*1980 | D36: 13227 | E36: =D36*$G$3 -> 18120.99 | F36: ЦБ-00013112 | I36: =A23 -> Л.СТ-1 | J36: =B23 -> Стеллаж высокий широкий | K36: =C23 -> 778*410*1980 | L36: 1 | M36: =D23 -> 8199 | O36: =A117 -> Л.Д-3 (L) | P36: =B117 -> Дверь низкая ЛДСП (для Л.СТ-1, Л.СУ-1, Л.СТ-2, Л.СТ-3, Л.СУ-2, Л.СУ-3) | Q36: =C117 -> 361*764x18 | R36: 2 | S36: =D117 -> 1257 | U36: =A118 -> Л.Д-3 (R) | V36: =B118 -> Дверь низкая ЛДСП (для Л.СТ-1, Л.СУ-1, Л.СТ-2, Л.СТ-3, Л.СУ-2, Л.СУ-3) | W36: =C118 -> 361*764x18 | X36: 2 | Y36: =D118 -> 1257
A37: Л.СТ-1.6 | B37: Шкаф высокий широкий (2 средние двери ЛДСП) | C37: 778*410*1980 | D37: 11237 | E37: =D37*$G$3 -> 15394.69 | F37: ЦБ-00013113 | I37: =A23 -> Л.СТ-1 | J37: =B23 -> Стеллаж высокий широкий | K37: =C23 -> 778*410*1980 | L37: 1 | M37: =D23 -> 8199 | O37: =A115 -> Л.Д-2 (L) | P37: =B115 -> Дверь средняя ЛДСП (для Л.СТ-1, Л.СУ-1, Л.СТ-2, Л.СУ-2) | Q37: =C115 -> 361*1151x18 | R37: 1 | S37: =D115 -> 1519 | U37: =A116 -> Л.Д-2 (R) | V37: =B116 -> Дверь средняя ЛДСП (для Л.СТ-1, Л.СУ-1, Л.СТ-2, Л.СУ-2) | W37: =C116 -> 361*1151x18 | X37: 1 | Y37: =D116 -> 1519
A38: Л.СТ-1.7 | B38: Шкаф высокий широкий (2 средние двери ЛДСП, 2 низкие двери стекло) | C38: 778*410*1980 | D38: 15347 | E38: =D38*$G$3 -> 21025.39 | F38: ЦБ-00013114 | I38: =A23 -> Л.СТ-1 | J38: =B23 -> Стеллаж высокий широкий | K38: =C23 -> 778*410*1980 | L38: 1 | M38: =D23 -> 8199 | O38: =A115 -> Л.Д-2 (L) | P38: =B115 -> Дверь средняя ЛДСП (для Л.СТ-1, Л.СУ-1, Л.СТ-2, Л.СУ-2) | Q38: =C115 -> 361*1151x18 | R38: 1 | S38: =D115 -> 1519 | U38: =A116 -> Л.Д-2 (R) | V38: =B116 -> Дверь средняя ЛДСП (для Л.СТ-1, Л.СУ-1, Л.СТ-2, Л.СУ-2) | W38: =C116 -> 361*1151x18 | X38: 1 | Y38: =D116 -> 1519 | AA38: =A121 -> Л.С-3 (L) | AB38: =B121 -> Дверь низкая стекло (для Л.СТ-1, Л.СТ-2, Л.СТ-3, Л.СУ-1, Л.СУ-2, Л.СУ-3) | AC38: =C121 -> 361*764x4 | AD38: 1 | AE38: =D121 -> 1450 | AG38: =A122 -> Л.С-3 (R) | AH38: =B122 -> Дверь низкая стекло (для Л.СТ-1, Л.СТ-2, Л.СТ-3, Л.СУ-1, Л.СУ-2, Л.СУ-3) | AI38: =C122 -> 361*764x4 | AJ38: 1 | AK38: =D122 -> 1450 | AM38: =AM35 -> Для Л.С-2 | AN38: =AN35 -> Комплект фурнитуры для одного стекла | AO38: =AO35 -> 0 | AP38: =AP35 -> 2 | AQ38: =AQ35 -> 605
A39: Л.СТ-1.8 | B39: Шкаф высокий широкий (2 средние двери ЛДСП, 2 низкие двери ЛДСП) | C39: 778*410*1980 | D39: 13751 | E39: =D39*$G$3 -> 18838.87 | F39: ЦБ-00013115 | I39: =A23 -> Л.СТ-1 | J39: =B23 -> Стеллаж высокий широкий | K39: =C23 -> 778*410*1980 | L39: 1 | M39: =D23 -> 8199 | O39: =A115 -> Л.Д-2 (L) | P39: =B115 -> Дверь средняя ЛДСП (для Л.СТ-1, Л.СУ-1, Л.СТ-2, Л.СУ-2) | Q39: =C115 -> 361*1151x18 | R39: 1 | S39: =D116 -> 1519 | U39: =A116 -> Л.Д-2 (R) | V39: =B116 -> Дверь средняя ЛДСП (для Л.СТ-1, Л.СУ-1, Л.СТ-2, Л.СУ-2) | W39: =C116 -> 361*1151x18 | X39: 1 | Y39: =D116 -> 1519 | AA39: =A117 -> Л.Д-3 (L) | AB39: =B117 -> Дверь низкая ЛДСП (для Л.СТ-1, Л.СУ-1, Л.СТ-2, Л.СТ-3, Л.СУ-2, Л.СУ-3) | AC39: =C117 -> 361*764x18 | AD39: 1 | AE39: =D117 -> 1257 | AG39: =A118 -> Л.Д-3 (R) | AH39: =B118 -> Дверь низкая ЛДСП (для Л.СТ-1, Л.СУ-1, Л.СТ-2, Л.СТ-3, Л.СУ-2, Л.СУ-3) | AI39: =C118 -> 361*764x18 | AJ39: 1 | AK39: =D118 -> 1257
A40: Л.СТ-1.9 | B40: Шкаф высокий широкий (2 высокие двери ЛДСП) | C40: 778*410*1980 | D40: 12675 | E40: =D40*$G$3 -> 17364.75 | F40: ЦБ-00013116 | I40: =A23 -> Л.СТ-1 | J40: =B23 -> Стеллаж высокий широкий | K40: =C23 -> 778*410*1980 | L40: 1 | M40: =D23 -> 8199 | O40: =A113 -> Л.Д-1 (L) | P40: =B113 -> Дверь высокая ЛДСП левая/правая (для Л.ГБ-2, Л.СТ-1, Л.СУ-1 и Л.ГБ-4) | Q40: =C113 -> 361*1916x18 | R40: 1 | S40: =D113 -> 2238 | U40: =A114 -> Л.Д-1 (R) | V40: =B114 -> Дверь высокая ЛДСП левая/правая (для Л.ГБ-2, Л.СТ-1, Л.СУ-1 и Л.ГБ-4) | W40: =C114 -> 361*1916x18 | X40: 1 | Y40: =D114 -> 2238
A41: Л.ШК-1 Т | B41: Шкаф-купе высокий (наполнение - полки) | C41: 1200*410*1980 | D41: 32109 | E41: =D41*$G$3 -> 43989.33 | F41: ЦБ-00068054 | I41: =A160 -> ЛШК-1 Т 1/2 | J41: =B160 -> Каркас | K41: =C160 -> 1200*410*1975 | L41: 1 | M41: =D160 -> 22548 | O41: =A161 -> ЛШК-1 Т 2/2 | P41: =B161 -> Двери зад. стенка | Q41: =C161 -> 1200*410*1975 | R41: 1 | S41: =D161 -> 9561
A42: Л.ШК-2 Т | B42: Шкаф-купе средний (наполнение - полки) | C42: 1200*410*1215 | D42: 23646 | E42: =D42*$G$3 -> 32395.02 | F42: ЦБ-00068059 | I42: =A162 -> ЛШК-2 Т 1/2 | J42: =B162 -> Каркас | K42: =C162 -> 1200*410*1200 | L42: 1 | M42: =D162 -> 17801 | O42: =A163 -> ЛШК-2 Т 2/2 | P42: =B163 -> Двери зад. стенка | Q42: =C163 -> 1200*410*1200 | R42: 1 | S42: =D163 -> 5845
A43: Л.ШК-3.1 Т | B43: Шкаф-купе низкий (наполнение - полки) | C43: 1200*410*750 | D43: 18982 | E43: =D43*$G$3 -> 26005.34 | F43: ЦБ-00068064 | I43: =A164 -> ЛШК-3.1 Т 1/2 | J43: =B164 -> Каркас | K43: =C164 -> 1200*410*755 | L43: 1 | M43: =D164 -> 15609 | O43: =A165 -> ЛШК-3.1 Т 2/2 | P43: =B165 -> Двери зад. стенка | Q43: =C165 -> 1200*410*755 | R43: 1 | S43: =D165 -> 3373
A44: Л.ШК-3.2 Т | B44: Шкаф-купе низкий (наполнение - полки) | C44: 1440*410*750 | D44: 21046 | E44: =D44*$G$3 -> 28833.02 | F44: ЦБ-00068069 | I44: =A166 -> ЛШК-3.2 Т 1/2 | J44: =B166 -> Каркас | K44: =C166 -> 1440*410*755 | L44: 1 | M44: =D166 -> 17032 | O44: =A167 -> ЛШК-3.2 Т 2/2 | P44: =B167 -> Двери зад. стенка | Q44: =C167 -> 1440*410*755 | R44: 1 | S44: =D167 -> 4014
A45: Л.СУ-1.1 (L) | B45: Шкаф высокий узкий левый/правый (1 низкая дверь ЛДСП) | C45: 412*410*1980 | D45: 7934 | E45: =D45*$G$3 -> 10869.58 | F45: ЦБ-00013165 | I45: =A26 -> Л.СУ-1 | J45: =B26 -> Стеллаж высокий узкий | K45: =C26 -> 412*410*1980 | L45: 1 | M45: =D26 -> 6677 | O45: =A117 -> Л.Д-3 (L) | P45: =B117 -> Дверь низкая ЛДСП (для Л.СТ-1, Л.СУ-1, Л.СТ-2, Л.СТ-3, Л.СУ-2, Л.СУ-3) | Q45: =C117 -> 361*764x18 | R45: 1 | S45: =D117 -> 1257
A46: Л.СУ-1.1 (R) | B46: Шкаф высокий узкий левый/правый (1 низкая дверь ЛДСП) | C46: 412*410*1980 | D46: 7934 | E46: =D46*$G$3 -> 10869.58 | F46: ЦБ-00013166 | I46: =A26 -> Л.СУ-1 | J46: =B26 -> Стеллаж высокий узкий | K46: =C26 -> 412*410*1980 | L46: 1 | M46: =D26 -> 6677 | O46: =A118 -> Л.Д-3 (R) | P46: =B118 -> Дверь низкая ЛДСП (для Л.СТ-1, Л.СУ-1, Л.СТ-2, Л.СТ-3, Л.СУ-2, Л.СУ-3) | Q46: =C118 -> 361*764x18 | R46: 1 | S46: =D118 -> 1257
A47: Л.СУ-1.2 (L) | B47: Шкаф высокий узкий левый/правый (1 низкая дверь ЛДСП, 1 средняя дверь стекло) | C47: 412*410*1980 | D47: 10319 | E47: =D47*$G$3 -> 14137.03 | F47: ЦБ-00013167 | I47: =A26 -> Л.СУ-1 | J47: =B26 -> Стеллаж высокий узкий | K47: =C26 -> 412*410*1980 | L47: 1 | M47: =D26 -> 6677 | O47: =A117 -> Л.Д-3 (L) | P47: =B117 -> Дверь низкая ЛДСП (для Л.СТ-1, Л.СУ-1, Л.СТ-2, Л.СТ-3, Л.СУ-2, Л.СУ-3) | Q47: =C117 -> 361*764x18 | R47: 1 | S47: =D117 -> 1257 | U47: =A120 -> Л.С-2 (R) | V47: =B120 -> Дверь средняя стекло (для Л.СТ-1, Л.СУ-1, Л.СТ-2, Л.СУ-2) | W47: =C120 -> 361*1151x4 | X47: 1 | Y47: =D120 -> 1780 | AA47: =A123 -> Для Л.С-2 | AB47: =B123 -> Комплект фурнитуры для одного стекла | AD47: 1 | AE47: =D123 -> 605
A48: Л.СУ-1.2 (R) | B48: Шкаф высокий узкий левый/правый (1 низкая дверь ЛДСП, 1 средняя дверь стекло) | C48: 412*410*1980 | D48: 10319 | E48: =D48*$G$3 -> 14137.03 | F48: ЦБ-00013168 | I48: =A26 -> Л.СУ-1 | J48: =B26 -> Стеллаж высокий узкий | K48: =C26 -> 412*410*1980 | L48: 1 | M48: =D26 -> 6677 | O48: =A118 -> Л.Д-3 (R) | P48: =B118 -> Дверь низкая ЛДСП (для Л.СТ-1, Л.СУ-1, Л.СТ-2, Л.СТ-3, Л.СУ-2, Л.СУ-3) | Q48: =C118 -> 361*764x18 | R48: 1 | S48: =D118 -> 1257 | U48: =A119 -> Л.С-2 (L) | V48: =B119 -> Дверь средняя стекло (для Л.СТ-1, Л.СУ-1, Л.СТ-2, Л.СУ-2) | W48: =C119 -> 361*1151x4 | X48: 1 | Y48: =D119 -> 1780 | AA48: =A124 -> Для Л.С-3 | AB48: =B124 -> Комплект фурнитуры для одного стекла | AD48: 1 | AE48: =D124 -> 605
A49: Л.СУ-1.3 (L) | B49: Шкаф высокий узкий левый/правый (1 низкая дверь ЛДСП, 1 средняя дверь ЛДСП) | C49: 412*410*1980 | D49: 9453 | E49: =D49*$G$3 -> 12950.61 | F49: ЦБ-00013170 | I49: =A26 -> Л.СУ-1 | J49: =B26 -> Стеллаж высокий узкий | K49: =C26 -> 412*410*1980 | L49: 1 | M49: =D26 -> 6677 | O49: =A117 -> Л.Д-3 (L) | P49: =B117 -> Дверь низкая ЛДСП (для Л.СТ-1, Л.СУ-1, Л.СТ-2, Л.СТ-3, Л.СУ-2, Л.СУ-3) | Q49: =C117 -> 361*764x18 | R49: 1 | S49: =D117 -> 1257 | U49: =A116 -> Л.Д-2 (R) | V49: =B116 -> Дверь средняя ЛДСП (для Л.СТ-1, Л.СУ-1, Л.СТ-2, Л.СУ-2) | W49: =C116 -> 361*1151x18 | X49: 1 | Y49: =D116 -> 1519
A50: Л.СУ-1.3 (R) | B50: Шкаф высокий узкий левый/правый (1 низкая дверь ЛДСП, 1 средняя дверь ЛДСП) | C50: 412*410*1980 | D50: 9453 | E50: =D50*$G$3 -> 12950.61 | F50: ЦБ-00013169 | I50: =A26 -> Л.СУ-1 | J50: =B26 -> Стеллаж высокий узкий | K50: =C26 -> 412*410*1980 | L50: 1 | M50: =D26 -> 6677 | O50: =A118 -> Л.Д-3 (R) | P50: =B118 -> Дверь низкая ЛДСП (для Л.СТ-1, Л.СУ-1, Л.СТ-2, Л.СТ-3, Л.СУ-2, Л.СУ-3) | Q50: =C118 -> 361*764x18 | R50: 1 | S50: =D118 -> 1257 | U50: =A115 -> Л.Д-2 (L) | V50: =B115 -> Дверь средняя ЛДСП (для Л.СТ-1, Л.СУ-1, Л.СТ-2, Л.СУ-2) | W50: =C115 -> 361*1151x18 | X50: 1 | Y50: =D115 -> 1519
A51: Л.СУ-1.4 (L) | B51: Шкаф высокий узкий левый/правый (1 низкая дверь ЛДСП, 1 низкая дверь стекло) | C51: 412*410*1980 | D51: 9989 | E51: =D51*$G$3 -> 13684.93 | F51: ЦБ-00013171 | I51: =A26 -> Л.СУ-1 | J51: =B26 -> Стеллаж высокий узкий | K51: =C26 -> 412*410*1980 | L51: 1 | M51: =D26 -> 6677 | O51: =A117 -> Л.Д-3 (L) | P51: =B117 -> Дверь низкая ЛДСП (для Л.СТ-1, Л.СУ-1, Л.СТ-2, Л.СТ-3, Л.СУ-2, Л.СУ-3) | Q51: =C117 -> 361*764x18 | R51: 1 | S51: =D117 -> 1257 | U51: =A122 -> Л.С-3 (R) | V51: =B122 -> Дверь низкая стекло (для Л.СТ-1, Л.СТ-2, Л.СТ-3, Л.СУ-1, Л.СУ-2, Л.СУ-3) | W51: =C122 -> 361*764x4 | X51: 1 | Y51: =D122 -> 1450 | AA51: =A123 -> Для Л.С-2 | AB51: =B123 -> Комплект фурнитуры для одного стекла | AD51: 1 | AE51: =D123 -> 605
A52: Л.СУ-1.4 (R) | B52: Шкаф высокий узкий левый/правый (1 низкая дверь ЛДСП, 1 низкая дверь стекло) | C52: 412*410*1980 | D52: 9989 | E52: =D52*$G$3 -> 13684.93 | F52: ЦБ-00013172 | I52: =A26 -> Л.СУ-1 | J52: =B26 -> Стеллаж высокий узкий | K52: =C26 -> 412*410*1980 | L52: 1 | M52: =D26 -> 6677 | O52: =A118 -> Л.Д-3 (R) | P52: =B118 -> Дверь низкая ЛДСП (для Л.СТ-1, Л.СУ-1, Л.СТ-2, Л.СТ-3, Л.СУ-2, Л.СУ-3) | Q52: =C118 -> 361*764x18 | R52: 1 | S52: =D118 -> 1257 | U52: =A121 -> Л.С-3 (L) | V52: =B121 -> Дверь низкая стекло (для Л.СТ-1, Л.СТ-2, Л.СТ-3, Л.СУ-1, Л.СУ-2, Л.СУ-3) | W52: =C121 -> 361*764x4 | X52: 1 | Y52: =D121 -> 1450 | AA52: =A123 -> Для Л.С-2 | AB52: =B123 -> Комплект фурнитуры для одного стекла | AD52: 1 | AE52: =D123 -> 605
A53: Л.СУ-1.5 (L) | B53: Шкаф высокий узкий левый/правый (2 низкие двери ЛДСП) | C53: 412*410*1980 | D53: 9191 | E53: =D53*$G$3 -> 12591.67 | F53: ЦБ-00013173 | I53: =A26 -> Л.СУ-1 | J53: =B26 -> Стеллаж высокий узкий | K53: =C26 -> 412*410*1980 | L53: 1 | M53: =D26 -> 6677 | O53: =A117 -> Л.Д-3 (L) | P53: =B117 -> Дверь низкая ЛДСП (для Л.СТ-1, Л.СУ-1, Л.СТ-2, Л.СТ-3, Л.СУ-2, Л.СУ-3) | Q53: =C117 -> 361*764x18 | R53: 1 | S53: =D117 -> 1257 | U53: =A118 -> Л.Д-3 (R) | V53: =B118 -> Дверь низкая ЛДСП (для Л.СТ-1, Л.СУ-1, Л.СТ-2, Л.СТ-3, Л.СУ-2, Л.СУ-3) | W53: =C118 -> 361*764x18 | X53: 1 | Y53: =D118 -> 1257
A54: Л.СУ-1.5 (R) | B54: Шкаф высокий узкий левый/правый (2 низкие двери ЛДСП) | C54: 412*410*1980 | D54: 9191 | E54: =D54*$G$3 -> 12591.67 | F54: ЦБ-00013174 | I54: =A26 -> Л.СУ-1 | J54: =B26 -> Стеллаж высокий узкий | K54: =C26 -> 412*410*1980 | L54: 1 | M54: =D26 -> 6677 | O54: =A118 -> Л.Д-3 (R) | P54: =B118 -> Дверь низкая ЛДСП (для Л.СТ-1, Л.СУ-1, Л.СТ-2, Л.СТ-3, Л.СУ-2, Л.СУ-3) | Q54: =C118 -> 361*764x18 | R54: 1 | S54: =D118 -> 1257 | U54: =A117 -> Л.Д-3 (L) | V54: =B117 -> Дверь низкая ЛДСП (для Л.СТ-1, Л.СУ-1, Л.СТ-2, Л.СТ-3, Л.СУ-2, Л.СУ-3) | W54: =C117 -> 361*764x18 | X54: 1 | Y54: =D117 -> 1257
A55: Л.СУ-1.6 (L) | B55: Шкаф высокий узкий левый/правый (1 средняя дверь ЛДСП) | C55: 412*410*1980 | D55: 8196 | E55: =D55*$G$3 -> 11228.52 | F55: ЦБ-00013175 | I55: =A26 -> Л.СУ-1 | J55: =B26 -> Стеллаж высокий узкий | K55: =C26 -> 412*410*1980 | L55: 1 | M55: =D26 -> 6677 | O55: =A115 -> Л.Д-2 (L) | P55: =B115 -> Дверь средняя ЛДСП (для Л.СТ-1, Л.СУ-1, Л.СТ-2, Л.СУ-2) | Q55: =C115 -> 361*1151x18 | R55: 1 | S55: =D115 -> 1519
A56: Л.СУ-1.6 (R) | B56: Шкаф высокий узкий левый/правый (1 средняя дверь ЛДСП) | C56: 412*410*1980 | D56: 8196 | E56: =D56*$G$3 -> 11228.52 | F56: ЦБ-00013176 | I56: =A26 -> Л.СУ-1 | J56: =B26 -> Стеллаж высокий узкий | K56: =C26 -> 412*410*1980 | L56: 1 | M56: =D26 -> 6677 | O56: =A116 -> Л.Д-2 (R) | P56: =B116 -> Дверь средняя ЛДСП (для Л.СТ-1, Л.СУ-1, Л.СТ-2, Л.СУ-2) | Q56: =C116 -> 361*1151x18 | R56: 1 | S56: =D116 -> 1519
A57: Л.СУ-1.7 (L) | B57: Шкаф высокий узкий левый/правый (1 средняя дверь ЛДСП, 1 низкая дверь стекло) | C57: 412*410*1980 | D57: 10251 | E57: =D57*$G$3 -> 14043.87 | F57: ЦБ-00013178 | I57: =A26 -> Л.СУ-1 | J57: =B26 -> Стеллаж высокий узкий | K57: =C26 -> 412*410*1980 | L57: 1 | M57: =D26 -> 6677 | O57: =A115 -> Л.Д-2 (L) | P57: =B115 -> Дверь средняя ЛДСП (для Л.СТ-1, Л.СУ-1, Л.СТ-2, Л.СУ-2) | Q57: =C115 -> 361*1151x18 | R57: 1 | S57: =D115 -> 1519 | U57: =A122 -> Л.С-3 (R) | V57: =B122 -> Дверь низкая стекло (для Л.СТ-1, Л.СТ-2, Л.СТ-3, Л.СУ-1, Л.СУ-2, Л.СУ-3) | W57: =C122 -> 361*764x4 | X57: 1 | Y57: =D122 -> 1450 | AA57: =A123 -> Для Л.С-2 | AB57: =B123 -> Комплект фурнитуры для одного стекла | AD57: 1 | AE57: =D123 -> 605
A58: Л.СУ-1.7 (R) | B58: Шкаф высокий узкий левый/правый (1 средняя дверь ЛДСП, 1 низкая дверь стекло) | C58: 412*410*1980 | D58: 10251 | E58: =D58*$G$3 -> 14043.87 | F58: ЦБ-00013177 | I58: =A26 -> Л.СУ-1 | J58: =B26 -> Стеллаж высокий узкий | K58: =C26 -> 412*410*1980 | L58: 1 | M58: =D26 -> 6677 | O58: =A116 -> Л.Д-2 (R) | P58: =B116 -> Дверь средняя ЛДСП (для Л.СТ-1, Л.СУ-1, Л.СТ-2, Л.СУ-2) | Q58: =C116 -> 361*1151x18 | R58: 1 | S58: =D116 -> 1519 | U58: =A121 -> Л.С-3 (L) | V58: =B121 -> Дверь низкая стекло (для Л.СТ-1, Л.СТ-2, Л.СТ-3, Л.СУ-1, Л.СУ-2, Л.СУ-3) | W58: =C121 -> 361*764x4 | X58: 1 | Y58: =D121 -> 1450 | AA58: =A123 -> Для Л.С-2 | AB58: =B123 -> Комплект фурнитуры для одного стекла | AD58: 1 | AE58: =D123 -> 605
A59: Л.СУ-1.8 (L) | B59: Шкаф высокий узкий левый/правый (1 средняя дверь ЛДСП, 1 низкая дверь ЛДСП) | C59: 412*410*1980 | D59: 9453 | E59: =D59*$G$3 -> 12950.61 | F59: ЦБ-00013180 | I59: =A26 -> Л.СУ-1 | J59: =B26 -> Стеллаж высокий узкий | K59: =C26 -> 412*410*1980 | L59: 1 | M59: =D26 -> 6677 | O59: =A115 -> Л.Д-2 (L) | P59: =B115 -> Дверь средняя ЛДСП (для Л.СТ-1, Л.СУ-1, Л.СТ-2, Л.СУ-2) | Q59: =C115 -> 361*1151x18 | R59: 1 | S59: =D115 -> 1519 | U59: =A118 -> Л.Д-3 (R) | V59: =B118 -> Дверь низкая ЛДСП (для Л.СТ-1, Л.СУ-1, Л.СТ-2, Л.СТ-3, Л.СУ-2, Л.СУ-3) | W59: =C118 -> 361*764x18 | X59: 1 | Y59: =D118 -> 1257
A60: Л.СУ-1.8 (R) | B60: Шкаф высокий узкий левый/правый (1 средняя дверь ЛДСП, 1 низкая дверь ЛДСП) | C60: 412*410*1980 | D60: 9453 | E60: =D60*$G$3 -> 12950.61 | F60: ЦБ-00013179 | I60: =A26 -> Л.СУ-1 | J60: =B26 -> Стеллаж высокий узкий | K60: =C26 -> 412*410*1980 | L60: 1 | M60: =D26 -> 6677 | O60: =A116 -> Л.Д-2 (R) | P60: =B116 -> Дверь средняя ЛДСП (для Л.СТ-1, Л.СУ-1, Л.СТ-2, Л.СУ-2) | Q60: =C116 -> 361*1151x18 | R60: 1 | S60: =D116 -> 1519 | U60: =A117 -> Л.Д-3 (L) | V60: =B117 -> Дверь низкая ЛДСП (для Л.СТ-1, Л.СУ-1, Л.СТ-2, Л.СТ-3, Л.СУ-2, Л.СУ-3) | W60: =C117 -> 361*764x18 | X60: 1 | Y60: =D117 -> 1257
A61: Л.СУ-1.9 (L) | B61: Шкаф высокий узкий левый/правый (1 высокая дверь ЛДСП) | C61: 412*410*1980 | D61: 8915 | E61: =D61*$G$3 -> 12213.55 | F61: ЦБ-00013181 | I61: =A26 -> Л.СУ-1 | J61: =B26 -> Стеллаж высокий узкий | K61: =C26 -> 412*410*1980 | L61: 1 | M61: =D26 -> 6677 | O61: =A113 -> Л.Д-1 (L) | P61: =B113 -> Дверь высокая ЛДСП левая/правая (для Л.ГБ-2, Л.СТ-1, Л.СУ-1 и Л.ГБ-4) | Q61: =C113 -> 361*1916x18 | R61: 1 | S61: =D113 -> 2238
A62: Л.СУ-1.9 (R) | B62: Шкаф высокий узкий левый/правый (1 высокая дверь ЛДСП) | C62: 412*410*1980 | D62: 8915 | E62: =D62*$G$3 -> 12213.55 | F62: ЦБ-00013182 | I62: =A26 -> Л.СУ-1 | J62: =B26 -> Стеллаж высокий узкий | K62: =C26 -> 412*410*1980 | L62: 1 | M62: =D26 -> 6677 | O62: =A114 -> Л.Д-1 (R) | P62: =B114 -> Дверь высокая ЛДСП левая/правая (для Л.ГБ-2, Л.СТ-1, Л.СУ-1 и Л.ГБ-4) | Q62: =C114 -> 361*1916x18 | R62: 1 | S62: =D114 -> 2238
A63: Л.СТ-2.1 | B63: Шкаф средний широкий (2 низкие двери ЛДСП) | C63: 778*410*1215 | D63: 8516 | E63: =D63*$G$3 -> 11666.92 | F63: ЦБ-00013135 | I63: =A24 -> Л.СТ-2 | J63: =B24 -> Стеллаж средний широкий | K63: =C24 -> 778*410*1215 | L63: 1 | M63: =D24 -> 6002 | O63: =A117 -> Л.Д-3 (L) | P63: =B117 -> Дверь низкая ЛДСП (для Л.СТ-1, Л.СУ-1, Л.СТ-2, Л.СТ-3, Л.СУ-2, Л.СУ-3) | Q63: =C117 -> 361*764x18 | R63: 1 | S63: =D117 -> 1257 | U63: =A118 -> Л.Д-3 (R) | V63: =B118 -> Дверь низкая ЛДСП (для Л.СТ-1, Л.СУ-1, Л.СТ-2, Л.СТ-3, Л.СУ-2, Л.СУ-3) | W63: =C118 -> 361*764x18 | X63: 1 | Y63: =D118 -> 1257
A64: Л.СТ-2.2 | B64: Шкаф средний широкий (2 низкие двери стекло) | C64: 778*410*1215 | D64: 10112 | E64: =D64*$G$3 -> 13853.44 | F64: ЦБ-00013136 | I64: =A24 -> Л.СТ-2 | J64: =B24 -> Стеллаж средний широкий | K64: =C24 -> 778*410*1215 | L64: 1 | M64: =D24 -> 6002 | O64: =A121 -> Л.С-3 (L) | P64: =B121 -> Дверь низкая стекло (для Л.СТ-1, Л.СТ-2, Л.СТ-3, Л.СУ-1, Л.СУ-2, Л.СУ-3) | Q64: =C121 -> 361*764x4 | R64: 1 | S64: =D121 -> 1450 | U64: =A122 -> Л.С-3 (R) | V64: =B122 -> Дверь низкая стекло (для Л.СТ-1, Л.СТ-2, Л.СТ-3, Л.СУ-1, Л.СУ-2, Л.СУ-3) | W64: =C122 -> 361*764x4 | X64: 1 | Y64: =D122 -> 1450 | AA64: =A123 -> Для Л.С-2 | AB64: =B123 -> Комплект фурнитуры для одного стекла | AD64: 2 | AE64: =D123 -> 605
A65: Л.СТ-2.3 | B65: Шкаф средний широкий (2 средние двери ЛДСП) | C65: 778*410*1215 | D65: 9040 | E65: =D65*$G$3 -> 12384.8 | F65: ЦБ-00013137 | I65: =A24 -> Л.СТ-2 | J65: =B24 -> Стеллаж средний широкий | K65: =C24 -> 778*410*1215 | L65: 1 | M65: =D24 -> 6002 | O65: =A115 -> Л.Д-2 (L) | P65: =B115 -> Дверь средняя ЛДСП (для Л.СТ-1, Л.СУ-1, Л.СТ-2, Л.СУ-2) | Q65: =C115 -> 361*1151x18 | R65: 1 | S65: =D119 -> 1780 | U65: =A116 -> Л.Д-2 (R) | V65: =B116 -> Дверь средняя ЛДСП (для Л.СТ-1, Л.СУ-1, Л.СТ-2, Л.СУ-2) | W65: =C116 -> 361*1151x18 | X65: 1 | Y65: =D116 -> 1519
A66: Л.СТ-2.4 | B66: Шкаф средний широкий (2 средние двери стекло) | C66: 778*410*1215 | D66: 10772 | E66: =D66*$G$3 -> 14757.64 | F66: ЦБ-00013138 | I66: =A24 -> Л.СТ-2 | J66: =B24 -> Стеллаж средний широкий | K66: =C24 -> 778*410*1215 | L66: 1 | M66: =D24 -> 6002 | O66: =A119 -> Л.С-2 (L) | P66: =B119 -> Дверь средняя стекло (для Л.СТ-1, Л.СУ-1, Л.СТ-2, Л.СУ-2) | Q66: =C119 -> 361*1151x4 | R66: 1 | S66: =D119 -> 1780 | U66: =A120 -> Л.С-2 (R) | V66: =B120 -> Дверь средняя стекло (для Л.СТ-1, Л.СУ-1, Л.СТ-2, Л.СУ-2) | W66: =C120 -> 361*1151x4 | X66: 1 | Y66: =D120 -> 1780 | AA66: =A123 -> Для Л.С-2 | AB66: =B123 -> Комплект фурнитуры для одного стекла | AD66: 2 | AE66: =D123 -> 605
A67: Л.СУ-2.1 (L) | B67: Шкаф средний узкий левый/правый (1 низкая дверь ЛДСП) | C67: 412*410*1215 | D67: 5696 | E67: =D67*$G$3 -> 7803.52 | F67: ЦБ-00013187 | I67: =A27 -> Л.СУ-2 | J67: =B27 -> Стеллаж средний узкий | K67: =C27 -> 412*410*1215 | L67: 1 | M67: =D27 -> 4439 | O67: =A117 -> Л.Д-3 (L) | P67: =B117 -> Дверь низкая ЛДСП (для Л.СТ-1, Л.СУ-1, Л.СТ-2, Л.СТ-3, Л.СУ-2, Л.СУ-3) | Q67: =C117 -> 361*764x18 | R67: 1 | S67: =D117 -> 1257
A68: Л.СУ-2.1 ® | B68: Шкаф средний узкий левый/правый (1 низкая дверь ЛДСП) | C68: 412*410*1215 | D68: 5696 | E68: =D68*$G$3 -> 7803.52 | F68: ЦБ-00013188 | I68: =A27 -> Л.СУ-2 | J68: =B27 -> Стеллаж средний узкий | K68: =C27 -> 412*410*1215 | L68: 1 | M68: =D27 -> 4439 | O68: =A118 -> Л.Д-3 (R) | P68: =B118 -> Дверь низкая ЛДСП (для Л.СТ-1, Л.СУ-1, Л.СТ-2, Л.СТ-3, Л.СУ-2, Л.СУ-3) | Q68: =C118 -> 361*764x18 | R68: 1 | S68: =D118 -> 1257
A69: Л.СУ-2.2 (L) | B69: Шкаф средний узкий левый/правый (1 низкая дверь стекло) | C69: 412*410*1215 | D69: 6494 | E69: =D69*$G$3 -> 8896.78 | F69: ЦБ-00013190 | I69: =A27 -> Л.СУ-2 | J69: =B27 -> Стеллаж средний узкий | K69: =C27 -> 412*410*1215 | L69: 1 | M69: =D27 -> 4439 | O69: =A121 -> Л.С-3 (L) | P69: =B121 -> Дверь низкая стекло (для Л.СТ-1, Л.СТ-2, Л.СТ-3, Л.СУ-1, Л.СУ-2, Л.СУ-3) | Q69: =C121 -> 361*764x4 | R69: 1 | S69: =D121 -> 1450 | U69: =A123 -> Для Л.С-2 | V69: =B123 -> Комплект фурнитуры для одного стекла | X69: 1 | Y69: =D123 -> 605
A70: Л.СУ-2.2 (R) | B70: Шкаф средний узкий левый/правый (1 низкая дверь стекло) | C70: 412*410*1215 | D70: 6494 | E70: =D70*$G$3 -> 8896.78 | F70: ЦБ-00013189 | I70: =A27 -> Л.СУ-2 | J70: =B27 -> Стеллаж средний узкий | K70: =C27 -> 412*410*1215 | L70: 1 | M70: =D27 -> 4439 | O70: =A122 -> Л.С-3 (R) | P70: =B122 -> Дверь низкая стекло (для Л.СТ-1, Л.СТ-2, Л.СТ-3, Л.СУ-1, Л.СУ-2, Л.СУ-3) | Q70: =C122 -> 361*764x4 | R70: 1 | S70: =D122 -> 1450 | U70: =A123 -> Для Л.С-2 | V70: =B123 -> Комплект фурнитуры для одного стекла | X70: 1 | Y70: =D123 -> 605
A71: Л.СУ-2.3 (L) | B71: Шкаф средний узкий левый/правый (1 средняя дверь ЛДСП) | C71: 412*410*1215 | D71: 5958 | E71: =D71*$G$3 -> 8162.46 | F71: ЦБ-00013191 | I71: =A27 -> Л.СУ-2 | J71: =B27 -> Стеллаж средний узкий | K71: =C27 -> 412*410*1215 | L71: 1 | M71: =D27 -> 4439 | O71: =A115 -> Л.Д-2 (L) | P71: =B115 -> Дверь средняя ЛДСП (для Л.СТ-1, Л.СУ-1, Л.СТ-2, Л.СУ-2) | Q71: =C115 -> 361*1151x18 | R71: 1 | S71: =D115 -> 1519
A72: Л.СУ-2.3 (R) | B72: Шкаф средний узкий левый/правый (1 средняя дверь ЛДСП) | C72: 412*410*1215 | D72: 5958 | E72: =D72*$G$3 -> 8162.46 | F72: ЦБ-00013192 | I72: =A27 -> Л.СУ-2 | J72: =B27 -> Стеллаж средний узкий | K72: =C27 -> 412*410*1215 | L72: 1 | M72: =D27 -> 4439 | O72: =A116 -> Л.Д-2 (R) | P72: =B116 -> Дверь средняя ЛДСП (для Л.СТ-1, Л.СУ-1, Л.СТ-2, Л.СУ-2) | Q72: =C116 -> 361*1151x18 | R72: 1 | S72: =D116 -> 1519
A73: Л.СУ-2.4 (L) | B73: Шкаф средний узкий левый/правый (1 средняя дверь стекло) | C73: 412*410*1215 | D73: 6824 | E73: =D73*$G$3 -> 9348.88 | F73: ЦБ-00013193 | I73: =A27 -> Л.СУ-2 | J73: =B27 -> Стеллаж средний узкий | K73: =C27 -> 412*410*1215 | L73: 1 | M73: =D27 -> 4439 | O73: =A119 -> Л.С-2 (L) | P73: =B119 -> Дверь средняя стекло (для Л.СТ-1, Л.СУ-1, Л.СТ-2, Л.СУ-2) | Q73: =C119 -> 361*1151x4 | R73: 1 | S73: =D119 -> 1780 | U73: =A123 -> Для Л.С-2 | V73: =B123 -> Комплект фурнитуры для одного стекла | X73: 1 | Y73: =D123 -> 605
A74: Л.СУ-2.4 (R) | B74: Шкаф средний узкий левый/правый (1 средняя дверь стекло) | C74: 412*410*1215 | D74: 6824 | E74: =D74*$G$3 -> 9348.88 | F74: ЦБ-00013194 | I74: =A27 -> Л.СУ-2 | J74: =B27 -> Стеллаж средний узкий | K74: =C27 -> 412*410*1215 | L74: 1 | M74: =D27 -> 4439 | O74: =A120 -> Л.С-2 (R) | P74: =B120 -> Дверь средняя стекло (для Л.СТ-1, Л.СУ-1, Л.СТ-2, Л.СУ-2) | Q74: =C120 -> 361*1151x4 | R74: 1 | S74: =D120 -> 1780 | U74: =A123 -> Для Л.С-2 | V74: =B123 -> Комплект фурнитуры для одного стекла | X74: 1 | Y74: =D123 -> 605
A75: Л.СТ-3.1 | B75: Шкаф низкий широкий (2 низкие двери ЛДСП) | C75: 778*410*828 | D75: 7044 | E75: =D75*$G$3 -> 9650.28 | F75: ЦБ-00013151 | I75: =A25 -> Л.СТ-3 | J75: =B25 -> Стеллаж низкий широкий | K75: =C25 -> 778*410*828 | L75: 1 | M75: =D25 -> 4530 | O75: =A117 -> Л.Д-3 (L) | P75: =B117 -> Дверь низкая ЛДСП (для Л.СТ-1, Л.СУ-1, Л.СТ-2, Л.СТ-3, Л.СУ-2, Л.СУ-3) | Q75: =C117 -> 361*764x18 | R75: 1 | S75: =D117 -> 1257 | U75: =A118 -> Л.Д-3 (R) | V75: =B118 -> Дверь низкая ЛДСП (для Л.СТ-1, Л.СУ-1, Л.СТ-2, Л.СТ-3, Л.СУ-2, Л.СУ-3) | W75: =C118 -> 361*764x18 | X75: 1 | Y75: =D118 -> 1257
A76: Л.СТ-3.2 | B76: Шкаф низкий широкий (2 низкие двери стекло) | C76: 778*410*828 | D76: 8640 | E76: =D76*$G$3 -> 11836.8 | F76: ЦБ-00013152 | I76: =A25 -> Л.СТ-3 | J76: =B25 -> Стеллаж низкий широкий | K76: =C25 -> 778*410*828 | L76: 1 | M76: =D25 -> 4530 | O76: =A121 -> Л.С-3 (L) | P76: =B121 -> Дверь низкая стекло (для Л.СТ-1, Л.СТ-2, Л.СТ-3, Л.СУ-1, Л.СУ-2, Л.СУ-3) | Q76: =C121 -> 361*764x4 | R76: 1 | S76: =D121 -> 1450 | U76: =A122 -> Л.С-3 (R) | V76: =B122 -> Дверь низкая стекло (для Л.СТ-1, Л.СТ-2, Л.СТ-3, Л.СУ-1, Л.СУ-2, Л.СУ-3) | W76: =C122 -> 361*764x4 | X76: 1 | Y76: =D122 -> 1450 | AA76: =A123 -> Для Л.С-2 | AB76: =B123 -> Комплект фурнитуры для одного стекла | AD76: 2 | AE76: =D123 -> 605
A77: Л.СУ-3.1 (L) | B77: Шкаф низкий узкий (1 низкая дверь ЛДСП) | C77: 412*410*828 | D77: 4489 | E77: =D77*$G$3 -> 6149.93 | F77: ЦБ-00013197 | I77: =A28 -> Л.СУ-3 | J77: =B28 -> Стеллаж низкий узкий | K77: =C28 -> 412*410*828 | L77: 1 | M77: =D28 -> 3232 | O77: =A117 -> Л.Д-3 (L) | P77: =B117 -> Дверь низкая ЛДСП (для Л.СТ-1, Л.СУ-1, Л.СТ-2, Л.СТ-3, Л.СУ-2, Л.СУ-3) | Q77: =C117 -> 361*764x18 | R77: 1 | S77: =D117 -> 1257
A78: Л.СУ-3.1 (R) | B78: Шкаф низкий узкий (1 низкая дверь ЛДСП) | C78: 412*410*828 | D78: 4489 | E78: =D78*$G$3 -> 6149.93 | F78: ЦБ-00013198 | I78: =A28 -> Л.СУ-3 | J78: =B28 -> Стеллаж низкий узкий | K78: =C28 -> 412*410*828 | L78: 1 | M78: =D28 -> 3232 | O78: =A118 -> Л.Д-3 (R) | P78: =B118 -> Дверь низкая ЛДСП (для Л.СТ-1, Л.СУ-1, Л.СТ-2, Л.СТ-3, Л.СУ-2, Л.СУ-3) | Q78: =C118 -> 361*764x18 | R78: 1 | S78: =D118 -> 1257
A79: Л.СУ-3.2 (L) | B79: Шкаф низкий узкий (1 низкая дверь стекло) | C79: 412*410*828 | D79: 5287 | E79: =D79*$G$3 -> 7243.19 | F79: ЦБ-00013200 | I79: =A28 -> Л.СУ-3 | J79: =B28 -> Стеллаж низкий узкий | K79: =C28 -> 412*410*828 | L79: 1 | M79: =D28 -> 3232 | O79: =A121 -> Л.С-3 (L) | P79: =B121 -> Дверь низкая стекло (для Л.СТ-1, Л.СТ-2, Л.СТ-3, Л.СУ-1, Л.СУ-2, Л.СУ-3) | Q79: =C121 -> 361*764x4 | R79: 1 | S79: =D121 -> 1450 | U79: =A123 -> Для Л.С-2 | V79: =B123 -> Комплект фурнитуры для одного стекла | X79: 1 | Y79: =D123 -> 605
A80: Л.СУ-3.2 (R) | B80: Шкаф низкий узкий (1 низкая дверь стекло) | C80: 412*410*828 | D80: 5287 | E80: =D80*$G$3 -> 7243.19 | F80: ЦБ-00013199 | I80: =A28 -> Л.СУ-3 | J80: =B28 -> Стеллаж низкий узкий | K80: =C28 -> 412*410*828 | L80: 1 | M80: =D28 -> 3232 | O80: =A122 -> Л.С-3 (R) | P80: =B122 -> Дверь низкая стекло (для Л.СТ-1, Л.СТ-2, Л.СТ-3, Л.СУ-1, Л.СУ-2, Л.СУ-3) | Q80: =C122 -> 361*764x4 | R80: 1 | S80: =D122 -> 1450 | U80: =A123 -> Для Л.С-2 | V80: =B123 -> Комплект фурнитуры для одного стекла | X80: 1 | Y80: =D124 -> 605
A81: Л.ПР-2 | B81: Приставка | C81: 720*402*22 | D81: 1944 | E81: =D81*$G$3 -> 2663.28 | F81: УТ-00001573
A82: Л.ПР-2.1 | B82: Приставка | C82: 600*400*22 | D82: 1673 | E82: =D82*$G$3 -> 2292.01 | F82: УТ-00001574
A83: Л.ПР-3 | B83: Приставка | C83: 720*720*22 | D83: 2042 | E83: =D83*$G$3 -> 2797.54 | F83: УТ-00001575
A84: Л.ПР-4 | B84: Приставка | C84: 600*600*22 | D84: 1601 | E84: =D84*$G$3 -> 2193.37 | F84: УТ-00002043
A85: Л.ПР-5 | B85: Приставка | C85: 600*720*22 | D85: 1919 | E85: =D85*$G$3 -> 2629.03 | F85: УТ-00004015
A86: Л.ПР-6 | B86: Приставка | C86: 1200*600*22 | D86: 2824 | E86: =D86*$G$3 -> 3868.88 | F86: УТ-00001576
A87: Л.ПР-7 | B87: Приставка | C87: 1440*720*22 | D87: 4115 | E87: =D87*$G$3 -> 5637.55 | F87: УТ-00001577
A88: Л.ПР-8 | B88: Приставка | C88: 1225*610*22 | D88: 2886 | E88: =D88*$G$3 -> 3953.82 | F88: УТ-00003635
A89: Л.ПР-9 | B89: Приставка | C89: 1465*730*22 | D89: 4217 | E89: =D89*$G$3 -> 5777.29 | F89: УТ-00003636
A90: Л.ПР-10 | B90: Приставка | C90: 900*452*22 | D90: 2807 | E90: =D90*$G$3 -> 3845.59 | F90: УТ-00001578
A91: А.ВТ-710 | B91: Опора металлическая (хром) | C91: 60*60*710 | D91: 1139 | E91: =D91*$G$3 -> 1560.43 | F91: 00000007940
A92: Л.ПНС-1 | B92: Полка навесная | C92: 1000*336*540 | D92: 3535 | E92: =D92*$G$3 -> 4842.95 | F92: УТ-00001571
... A106: PM-LBFI60-05 | B106: Заглушка кабель-канала "Люкс" | C106: D-60 | D106: 342 | E106: =D106*$G$3 -> 468.54 | F106: УТ-00001844
A107: Я3-2R/4С | B107: Ящик для стекол (4 низкие двери стекло) | D107: 286 | E107: =D107*$G$3 -> 391.82 | F107: ЦБ-00005173
A108: Я3-6R/10С | B108: Ящик для стекол (10 низких дверей стекло) | D108: 348 | E108: =D108*$G$3 -> 476.76 | F108: ЦБ-00005174
A109: Я2-2R/4С | B109: Ящик для стекол (4 средние двери стекло) | D109: 397 | E109: =D109*$G$3 -> 543.89 | F109: ЦБ-00005175
A110: Я2-6R/10С | B110: Ящик для стекол (10 средних дверей стекло) | D110: 460 | E110: =D110*$G$3 -> 630.2 | F110: ЦБ-00005176
A111: Л.ГБ-2К | B111: Каркас гардероба Л.ГБ-2 | C111: 778*580*1980 | D111: 9132 | E111: =D111*$G$3 -> 12510.84 | F111: УТ-00001557
A112: Л.ГБ-4К | B112: Каркас гардероба Л.ГБ-4К | C112: 778*410*1980 | D112: 11261 | E112: =D112*$G$3 -> 15427.57 | F112: УТ-00001727
A113: Л.Д-1 (L) | B113: Дверь высокая ЛДСП левая/правая (для Л.ГБ-2, Л.СТ-1, Л.СУ-1 и Л.ГБ-4) | C113: 361*1916x18 | D113: 2238 | E113: =D113*$G$3 -> 3066.06 | F113: УТ-00001630
A114: Л.Д-1 (R) | B114: Дверь высокая ЛДСП левая/правая (для Л.ГБ-2, Л.СТ-1, Л.СУ-1 и Л.ГБ-4) | C114: 361*1916x18 | D114: 2238 | E114: =D114*$G$3 -> 3066.06 | F114: УТ-00001631
...
